doc_id,sentences,tokens,characters,vocabulary
D01,2,43,286,34
D02,2,44,319,34
D03,3,43,312,34
D04,3,41,280,32
D05,2,45,309,34
D06,3,41,284,32
D07,2,40,273,31
D08,2,43,300,33
D09,2,40,282,31
D10,2,43,294,34
D11,2,44,283,34
D12,2,41,277,31
D13,2994,97405,541348,5399
D14,53,1703,9566,523
D15,533,22166,118802,2977
D16,881,27641,152309,5046
D17,67,2000,11008,643
D18,295,12456,69647,2160
D19,768,24172,133919,3530
D20,41,1294,5645,306
D21,56,2273,12332,585
D22,48,1659,9147,520
D23,53,1703,9566,523
D24,41,1294,5645,306
D25,2048,65455,377647,9427
D26,195,3336,20666,953
D27,49,3476,18808,788
D28,37,1056,5500,291
D29,75,3277,16576,758
D30,148,3672,20889,1102
D31,2,32,209,30
D32,221,11157,61287,2038
D33,66,3290,14276,645
D34,86,3667,20105,892
D35,13,681,2430,177
D36,30,488,1966,148
D37,45,1320,6125,360
D38,37,911,4670,300
D39,25,616,2609,203
D40,35,909,4277,353
D41,776,17592,85186,1170
D42,244,11138,59441,1698
D43,40,870,4367,319
D44,171,8502,45815,1509
TOTAL,10200,337719,1855282,19966
