Query ID,Query,Type,Pipeline,Retrieved Documents,# Results,Time (ms)
Q01,stipend,Unigram,Pipeline A,D01 D13 D21 D07,4,8.467
Q01,stipend,Unigram,Pipeline B,D01 D13 D07 D21,4,34.175
Q01,stipend,Unigram,Final Pipeline,D01 D13 D07 D21,4,29.019
Q02,non-compete,Unigram,Pipeline A,D01 D06 D24 D23 D04 D07 D20 D22,8,2.669
Q02,non-compete,Unigram,Pipeline B,D06 D01 D24 D23 D04 D20 D07 D22 D15 D10,10,50.456
Q02,non-compete,Unigram,Final Pipeline,D01 D06 D24 D23 D04 D07 D20 D22,8,34.323
Q03,gratuity,Unigram,Pipeline A,D01 D07 D06 D04 D20,5,1.743
Q03,gratuity,Unigram,Pipeline B,D01 D07 D06 D04 D20,5,36.454
Q03,gratuity,Unigram,Final Pipeline,D01 D07 D06 D04 D20,5,34.105
Q04,notice period,Bigram,Pipeline A,D01 D04 D13 D07 D20 D06 D30 D26 D10,9,24.417
Q04,notice period,Bigram,Pipeline B,D01 D04 D13 D07 D20 D06 D30 D26 D10,9,42.607
Q04,notice period,Bigram,Final Pipeline,D01 D04 D13 D07 D20 D06 D30 D26 D10,9,32.252
Q05,confidential information,Bigram,Pipeline A,D01 D13 D07 D04 D06 D20 D02 D11 D30 D03 D08 D12 D32 D09 D15 D17 D18 D10 D24 D16,20,11.453
Q05,confidential information,Bigram,Pipeline B,D01 D07 D13 D06 D04 D02 D11 D30 D20 D08 D12 D03 D32 D09 D17 D15 D10 D24 D16,19,54.124
Q05,confidential information,Bigram,Final Pipeline,D01 D07 D13 D06 D04 D02 D11 D30 D20 D08 D12 D03 D32 D09 D17 D15 D10 D24 D16,19,28.128
Q06,intellectual property,Bigram,Pipeline A,D01 D20 D13 D04 D07 D06 D15 D03 D09 D17 D32 D30 D10 D18 D31 D14,16,3.183
Q06,intellectual property,Bigram,Pipeline B,D01 D20 D13 D04 D07 D06 D15 D03 D09 D17 D32 D30 D10 D18 D31 D14,16,37.769
Q06,intellectual property,Bigram,Final Pipeline,D01 D20 D13 D04 D07 D06 D15 D03 D09 D17 D32 D30 D10 D18 D31 D14,16,28.043
Q07,governing law,Bigram,Pipeline A,D01 D13 D07 D04 D03 D20 D18 D30 D14 D15 D22 D24 D31 D16 D23 D09,16,3.523
Q07,governing law,Bigram,Pipeline B,D01 D13 D04 D07 D20 D03 D14 D30 D18 D24 D22 D16 D31 D23 D09,15,36.855
Q07,governing law,Bigram,Final Pipeline,D01 D13 D04 D07 D20 D03 D14 D30 D18 D24 D22 D15 D16 D31 D23 D09,16,46.081
Q08,shall not disclose,Trigram,Pipeline A,D01 D07 D29 D06 D09 D30 D17 D21,8,7.032
Q08,shall not disclose,Trigram,Pipeline B,D29 D06 D17 D09 D21,5,60.244
Q08,shall not disclose,Trigram,Final Pipeline,D29 D06 D17 D09 D21,5,38.215
Q09,shall not solicit,Trigram,Pipeline A,D16 D13 D23,3,2.266
Q09,shall not solicit,Trigram,Pipeline B,D13 D16 D23,3,34.489
Q09,shall not solicit,Trigram,Final Pipeline,D13 D16 D23,3,22.64
Q10,work from home,Trigram,Pipeline A,D05 D25 D07,3,2.68
Q10,work from home,Trigram,Pipeline B,D05 D25 D07,3,25.819
Q10,work from home,Trigram,Final Pipeline,D05 D25 D07,3,38.556
Q11,probation AND termination,Boolean AND,Pipeline A,D01 D04 D07 D06 D26 D20 D17,7,1.878
Q11,probation AND termination,Boolean AND,Pipeline B,D01 D04 D07 D06 D26 D20 D17,7,84.185
Q11,probation AND termination,Boolean AND,Final Pipeline,D01 D04 D07 D06 D26 D20 D17,7,72.513
Q12,bond AND training,Boolean AND,Pipeline A,D13 D01 D21 D03,4,0.925
Q12,bond AND training,Boolean AND,Pipeline B,D13 D01 D21 D03,4,50.217
Q12,bond AND training,Boolean AND,Final Pipeline,D13 D01 D21 D03,4,52.817
Q13,stipend OR remuneration,Boolean OR,Pipeline A,D01 D13 D29 D07 D21 D06 D04 D20 D15 D03 D10 D30,12,2.283
Q13,stipend OR remuneration,Boolean OR,Pipeline B,D01 D13 D07 D29 D21 D06 D04 D20 D15 D03 D10 D30,12,65.633
Q13,stipend OR remuneration,Boolean OR,Final Pipeline,D01 D13 D07 D29 D21 D06 D04 D20 D15 D03 D10 D30,12,45.189
Q14,confidential OR proprietary,Boolean OR,Pipeline A,D01 D06 D07 D22 D04 D20 D30 D03 D15 D17 D05 D08 D12 D09 D23 D13 D02 D11 D31 D29 D24 D32 D18 D10 D16,25,1.503
Q14,confidential OR proprietary,Boolean OR,Pipeline B,D01 D06 D07 D04 D22 D20 D30 D03 D17 D05 D15 D08 D12 D09 D23 D13 D02 D11 D24 D31 D29 D32 D18 D10 D16,25,41.847
Q14,confidential OR proprietary,Boolean OR,Final Pipeline,D01 D06 D07 D04 D22 D20 D30 D03 D17 D05 D15 D08 D12 D09 D23 D13 D02 D11 D24 D31 D29 D32 D18 D10 D16,25,44.618
Q15,confidential AND NOT non-compete,Boolean NOT,Pipeline A,D13 D02 D11 D30 D08 D12 D29 D09 D03 D15 D32 D17 D18 D05 D10 D31 D16,17,1.398
Q15,confidential AND NOT non-compete,Boolean NOT,Pipeline B,D30 D17 D13 D03 D02 D11 D09 D08 D12 D32 D18 D16 D29 D05 D31,15,37.224
Q15,confidential AND NOT non-compete,Boolean NOT,Final Pipeline,D13 D02 D11 D30 D08 D12 D09 D03 D17 D29 D32 D15 D05 D18 D10 D16 D31,17,40.741
