ngram,frequency,meaningful
employee shall,47,True
govern law,40,True
may terminate,35,True
shall not,30,False
shall receive,21,True
law india,20,True
make 01/04/2026,19,True
appoint senior,19,True
senior software,19,True
software engineer,19,True
engineer w.e.f.,19,True
w.e.f. 15,19,True
15 april,19,True
april 2026,19,True
receive ctc,19,True
per annum,19,True
shall probation,19,True
6 month,19,True
notice period,19,True
either party,19,True
party may,19,True
give 30,19,True
30 day,19,True
day notice,19,True
notice writing,19,True
writing per,19,True
per clause 4.2(a),19,True
not disclose,18,False
confidential information,18,True
agreement make,17,True
disclose any,17,False
any confidential,17,False
register office,16,True
annum payable,16,True
payable monthly,16,True
probation period,16,True
period 6,16,True
agreement give,16,True
clause 4.2(a) confidentiality,16,True
without notice,16,True
notice gross,16,True
gross misconduct,16,True
shall govern,16,True
india court,16,True
shall jurisdiction,16,True
information trade,13,True
trade secret,13,True
during after,13,False
after term,13,False
term employment,13,True
agreement shall,13,True
employment agreement,12,True
refer employer,12,True
employee appoint,12,True
pvt. ltd.,11,True
refer employee,9,True
employer may,9,True
terminate employee,9,True
employee without,9,True
"ctc ₹12,00,000",9,True
"₹12,00,000 per",9,True
ltd. register,8,True
not engage,8,False
compete business,8,True
business 12,8,True
12 month,8,True
intellectual property,8,True
01/04/2026 acme,7,True
acme technologies,7,True
technologies pvt.,7,True
subject section 27,7,True
"section 27 indian contract act, 1872",7,True
intern shall,7,True
secret employer,6,True
employer during,6,False
rahul sharma,6,True
worker shall,6,True
freelancer shall,6,True
office hyderabad,5,True
hyderabad refer,5,True
court hyderabad,5,True
hyderabad shall,5,True
vikram rao,5,True
rao refer,5,True
orbit labs,5,True
labs llp,5,True
office chennai,5,True
chennai refer,5,True
employer rahul,5,True
court chennai,5,True
chennai shall,5,True
non-disclosure agreement,5,True
engage any,5,False
any compete,5,False
month after,5,False
after termination,5,False
termination subject,5,True
work home,5,True
01/04/2026 nimbus,4,True
nimbus analytics,4,True
analytics pvt.,4,True
offer letter,4,True
candidate shall,4,True
not solicit,4,False
solicit any,4,False
any client,4,False
client employee,4,True
employment bond,4,True
01/04/2026 orbit,4,True
llp register,4,True
non-compete agreement,4,True
01/04/2026 zenith,4,True
zenith software,4,True
software private,4,True
private limited,4,True
limited register,4,True
arjun mehta,4,True
mehta refer,4,True
non-solicitation agreement,4,True
home agreement,4,True
independent contractor,4,True
contractor agreement,4,True
contractor shall,4,True
all intellectual,4,False
property create,4,True
shall vest,4,True
payment shall,4,True
shall make,4,True
make within,4,True
within 15,4,True
15 day,4,True
day invoice,4,True
consultancy agreement,4,True
consultant shall,4,True
internship agreement,4,True
part-time employment,4,True
gig worker,4,True
worker agreement,4,True
new delhi,4,True
appointment letter,4,True
service agreement,4,True
freelancer agreement,4,True
agreement govern,4,True
terminate employment,3,True
refer company,3,True
secret company,3,True
company during,3,False
company may,3,True
sharma refer,3,True
shall serve,3,True
"ctc ₹6,00,000",3,True
"₹6,00,000 per",3,True
employer arjun,3,True
"ctc rs. 8,50,000/-",3,True
"rs. 8,50,000/- per",3,True
office bengaluru,3,True
bengaluru refer,3,True
court bengaluru,3,True
bengaluru shall,3,True
ctc inr 15 lpa,3,True
inr 15 lpa per,3,True
employmentagreement agreement,3,True
ltd. refer,3,True
sharma employee,3,True
join bonus,3,True
"bonus rs. 8,50,000/-",3,True
"rs. 8,50,000/- payable",3,True
payable after,3,False
after confirmation,3,False
probation 6,3,True
terminate agreement,3,True
engage compete,3,True
month subject,3,True
agreement employment,2,True
priya nair,2,True
nair refer,2,True
letter make,2,True
company vikram,2,True
letter give,2,True
employee company,2,True
letter shall,2,True
serve minimum,2,True
minimum period,2,True
period 24,2,True
24 month,2,True
month fail,2,True
fail employee,2,True
shall pay,2,True
"pay ₹2,00,000",2,True
"₹2,00,000 towards",2,True
towards training,2,True
training cost,2,True
refer client,2,True
secret client,2,True
client during,2,False
vest client,2,True
client may,2,True
receive stipend,2,True
per month,2,True
3 month,2,True
employer sneha,2,True
sneha iyer,2,True
iyer refer,2,True
refer worker,2,True
worker appoint,2,True
terminate worker,2,True
worker without,2,True
office new,2,True
delhi refer,2,True
court new,2,True
delhi shall,2,True
terminate freelancer,2,True
employer priya,1,True
"ctc 12,00,000",1,True
"12,00,000 per",1,True
letter offer,1,True
office mumbai,1,True
mumbai refer,1,True
refer candidate,1,True
candidate appoint,1,True
terminate offer,1,True
terminate candidate,1,True
candidate without,1,True
court mumbai,1,True
mumbai shall,1,True
bond employment,1,True
bond make,1,True
bond give,1,True
clause 4.2(a) bond,1,True
bond shall,1,True
agreement non-disclosure,1,True
terminate non-disclosure,1,True
agreement non-compete,1,True
terminate non-compete,1,True
agreement non-solicitation,1,True
terminate non-solicitation,1,True
employee employer,1,True
employer termination,1,True
agreement work,1,True
employer vikram,1,True
terminate work,1,True
remote work,1,True
employee may,1,True
may work,1,True
home employer,1,True
employer shall,1,True
shall provide,1,True
provide laptop,1,True
work hour,1,True
hour 9 a.m.,1,True
9 a.m. 6 p.m.,1,True
6 p.m. termination,1,True
agreement independent,1,True
client vikram,1,True
refer contractor,1,True
contractor appoint,1,True
terminate independent,1,True
create contractor,1,True
terminate contractor,1,True
contractor without,1,True
agreement consultancy,1,True
company rahul,1,True
refer consultant,1,True
consultant appoint,1,True
terminate consultancy,1,True
create consultant,1,True
vest company,1,True
terminate consultant,1,True
consultant without,1,True
agreement internship,1,True
refer organization,1,True
organization vikram,1,True
refer intern,1,True
intern appoint,1,True
terminate internship,1,True
secret organization,1,True
organization during,1,False
"stipend ₹15,000",1,True
"₹15,000 per",1,True
month duration,1,True
duration 3,1,True
organization may,1,True
terminate intern,1,True
intern without,1,True
agreement part-time,1,True
terminate part-time,1,True
clause 4.2(a) termination,1,True
refer platform,1,True
platform arjun,1,True
terminate gig,1,True
secret platform,1,True
platform during,1,False
create worker,1,True
vest platform,1,True
platform may,1,True
letter appointment,1,True
terminate appointment,1,True
agreement service,1,True
terminate service,1,True
clause 4.2(a) non-compete,1,True
agreement freelancer,1,True
client priya,1,True
refer freelancer,1,True
freelancer appoint,1,True
employee client,1,True
create freelancer,1,True
freelancer without,1,True
agreement page,1,True
page real,1,True
real text,1,True
text layer,1,True
disclose confidential,1,True
subject section27,1,True
"section27 indian contract act, 1872",1,True
internshipagreement agreement,1,True
make orbit,1,True
llp organization,1,True
organization ananya,1,True
ananya gupta,1,True
gupta intem,1,True
serve period,1,True
period 3,1,True
month w.e.f.,1,True
w.e.f. 01/06/2026,1,True
"stipend 15,000",1,True
"15,000 per",1,True
"fee ₹75,000/-",1,True
"₹75,000/- payable",1,True
payable intern,1,True
intern leave,1,True
leave early,1,True
intem shall,1,True
