Entity,Predicted Type (custom),Predicted Type (default),Frequency,Correct?
Employee,GPE,GPE,24,
India,GPE,GPE,20,
01/04/2026,DATE,(missed),19,
Senior Software Engineer,DESIGNATION,(missed),19,
15 April 2026,DATE,DATE,19,
6 (six) months,DURATION,(missed),19,
Notice Period,ORG,ORG,19,
30 (thirty) days,DURATION,(missed),19,
Employer,ORG,ORG,17,
CTC,ORG,ORG,16,
monthly,DATE,DATE,16,
Hyderabad,ORG,ORG,10,
Chennai,ORG,ORG,10,
Intern,ORG,ORG,10,
"₹12,00,000",MONEY,(missed),9,
Non-Compete,ORG,ORG,8,
12 months,DURATION,DATE,8,
"Indian Contract Act, 1872",LAW,(missed),8,
Acme Technologies Pvt. Ltd.,ORG,ORG,7,
Section 27,LAW,LAW,7,
Consultant,DESIGNATION,WORK_OF_ART,7,
Candidate,ORG,ORG,6,
Rahul Sharma,PERSON,PERSON,6,
"Rs. 8,50,000/-",MONEY,(missed),6,
Bengaluru,GPE,GPE,6,
Vikram Rao,PERSON,PERSON,5,
Freelancer,PRODUCT,PRODUCT,5,
Nimbus Analytics Pvt. Ltd.,ORG,ORG,4,
Non-Solicitation,ORG,ORG,4,
Zenith Software Private Limited,ORG,ORG,4,
Arjun Mehta,PERSON,PERSON,4,
Intellectual Property,PERSON,PERSON,4,
Client,GPE,GPE,4,
15 days,DURATION,DATE,4,
New Delhi,GPE,GPE,4,
Freelancer,PERSON,PRODUCT,4,
Company,ORG,ORG,3,
"₹6,00,000",MONEY,(missed),3,
INR 15 LPA,MONEY,(missed),3,
Worker,FAC,WORK_OF_ART,3,
Agreement,PRODUCT,PRODUCT,3,
Priya Nair,PERSON,PERSON,2,
this Employment Agreement,LAW,LAW,2,
Mumbai,GPE,GPE,2,
24 months,DURATION,DATE,2,
"₹2,00,000",MONEY,(missed),2,
Sneha Iyer,PERSON,PERSON,2,
Worker,WORK_OF_ART,WORK_OF_ART,2,
"12,00,000",CARDINAL,CARDINAL,1,
OFFER,ORG,ORG,1,
Offer Letter,ORG,ORG,1,
Non-Solicitation Agreement,ORG,ORG,1,
This Work From Home Agreement,WORK_OF_ART,WORK_OF_ART,1,
Working hours are 9 a.m. to 6 p.m.,TIME,TIME,1,
Contractor,PERSON,PERSON,1,
this Consultancy Agreement,LAW,LAW,1,
This Internship Agreement,LAW,LAW,1,
"the ""Organization"") and",ORG,ORG,1,
this Internship Agreement,LAW,LAW,1,
"₹15,000",MONEY,(missed),1,
3 months,DURATION,DATE,1,
Organization,ORG,ORG,1,
This Gig Worker Agreement,WORK_OF_ART,WORK_OF_ART,1,
Platform,WORK_OF_ART,WORK_OF_ART,1,
This Freelancer Agreement,WORK_OF_ART,WORK_OF_ART,1,
this Freelancer Agreement,LAW,LAW,1,
Orbit Labs LLP,PERSON,PERSON,1,
"the ""Organization""",ORG,ORG,1,
Ananya Gupta,PERSON,PERSON,1,
3 (three) months,DURATION,(missed),1,
01/06/2026,DATE,(missed),1,
"15,000",CARDINAL,MONEY,1,
"₹75,000/-",MONEY,(missed),1,
Intem,ORG,ORG,1,
